{"current":{"theme_color_primary":"#000000","theme_color_secondary":"#656565","theme_color_tertiary":"rgba(0,0,0,0)","theme_color_four":"#b34a4a","theme_color_body_bg":"#ffffff","theme_color_borders":"#e5e5e5","theme_text_color_primary":"#000000","theme_text_color_secondary":"#666666","theme_text_color_tertiary":"#999999","theme_text_color_banner":"#ffffff","theme_text_color_buttonone":"#ffffff","theme_bg_color_buttonone":"#000000","theme_border_color_buttonone":"#000000","theme_text_color_buttonone_hover":"#000000","theme_bg_color_buttonone_hover":"#ffffff","theme_border_color_buttonone_hover":"#000000","theme_text_color_buttontwo":"#000000","theme_bg_color_buttontwo":"#ffffff","theme_border_color_buttontwo":"#000000","theme_text_color_buttontwo_hover":"#ffffff","theme_bg_color_buttontwo_hover":"#000000","theme_border_color_buttontwo_hover":"#000000","theme_font_family":"Google+Hind","theme_font_family_tertiary":"Google+Hind","theme_font_family_septenary":"Google+Hind","theme_font_family_senary":"Google+Hind","theme_font_size":"14","theme_onepage_use":true,"theme_onepage_fullpage":false,"theme_header_float":true,"theme_onepage_font_family":"Google+Ubuntu","theme_onepage_font_family2":"Google+Ubuntu","theme_title_color_1":"#ffffff","theme_text_color_1":"#ffffff","theme_button_color_1":"#ffffff","theme_bgbutton_color_1":"#4063f8","theme_title_color_2":"#eebe73","theme_text_color_2":"#cccccc","theme_button_color_2":"#ffffff","theme_bgbutton_color_2":"#eebe73","theme_onepage_headerbg":"rgba(0,0,0,0)","theme_onepage_headerfloatbg":"#000000","theme_onepage_canvas":"#ffffff","theme_onepage_headerbgop":"0","theme_onepage_fontsize":"14px","theme_onepage_menu":true,"theme_onepage_menulink":"menu-landingpage-watch","page1_enable":true,"page1_bgcolor":"#333333","page1_title":"Watches Trackers","page1_des":"Fitbit Alta 2016","page1_bgimage":true,"page1_id":"pageOne","page1_product":"product-homepage","page2_enable":true,"page2_title":"A watch for <span>Fitness<\/span> and <span>Fashion<\/span>","page2_bgcolor":"#333333","page2_bgimage":false,"page2_description":"Lorem Khaled Ipsum is a major key to success. Another one. Cloth talk. To succeed you must believe. When you believe, you will succeed.<br> Special cloth alert. The key is to drink coconut, fresh coconut, trust me. Congratulations, you played yourself. Give thanks to the most high.<br> Hammock talk come soon. Hammock talk come soon. You do know, you do know that they don’t want you to have lunch. I’m keeping it real with<br> you, so what you going do is have lunch. You smart, you loyal, you a genius.","page2_viewmore":"See gallery","page2_viewmore_link":"#pageSixApollo","page2_viewmore_2":"Shop it now","page2_viewmore_link_2":"#pageOneApollo","page2_id":"pageTwo","page2_page":"page2-homepage","page3_enable":true,"page3_title":"Fitbit Alta’s overall <span>structure<\/span>","page3_bgcolor":"#282828","page3_bgimage":true,"page3_id":"pageThree","page3_page":"watch-feature","page4_enable":true,"page4_title":"Multi <span>Color<\/span> for your choice","page4_bgcolor":"#333333","page4_bgimage":false,"page4_id":"pageFour","page4_description":"use code <span>fellow20016<\/span> to get <b>29%<\/b> discount on all order from now to <b>may 20th 2016<\/b><\/p>","page5_enable":true,"page5_bgcolor":"#FFFFFF","page5_bgimage":true,"page5_id":"pageFive","page6_enable":true,"page6_bgcolor":"#333333","page6_bgimage":false,"page6_title":"Discover Fitbit Alta’s Gallery","page6_id":"pageSix","page7_enable":true,"page7_title":"Keep in touch with us","page7_bgcolor":"#000000","page7_bgimage":true,"page7_id":"pageSeven","page8_enable":true,"page8_bgcolor":"#333333","page8_des":"&copy; Babylon. All Rights Reserved. Developed by apollotheme","landing_social_enable":true,"landing_social_facebook_link":"#","landing_social_twitter_link":"#","landing_social_googleplus_link":"#","landing_social_linkedin_link":"#","landing_social_instagram_link":"#","page8_id":"pageEight","gallery_slides_enable":true,"testimonials_enable":true,"testimonials_background":"#FFFFFF","testimonials_title":"TESTIMONIALS","testimonials_des":"","testimonials_autoplay":true,"testimonials_columntab":"1","testimonials_speed":"8000","testimonials_useavatar":false,"testimonials_item1_enable":true,"testimonials_item1_star":"5","testimonials_item1_name":"LaiNgocKien","testimonials_item1_readmore":"Comment via facebook page","testimonials_item1_review":"I told you all this before, when you have a swimming pool, do not use chlorine, use salt water, the healing, salt water<br> is the healing. Lion! Lion! How’s business? Boomin. It’s important to use cocoa butter. It’s the key to more success,<br> why not live smooth? Why live rough?","testimonials_item1_link":"","testimonials_item2_enable":true,"testimonials_item2_star":"5","testimonials_item2_name":"Cristina","testimonials_item2_readmore":"Comment via facebook page","testimonials_item2_review":"I told you all this before, when you have a swimming pool, do not use chlorine, use salt water, the healing, salt water <br>is the healing. Lion! Lion! How’s business? Boomin. It’s important to use cocoa butter. It’s the key to more success,<br> why not live smooth? Why live rough?","testimonials_item2_link":"","testimonials_item3_enable":true,"testimonials_item3_star":"1","testimonials_item3_name":"Wayne Rooney","testimonials_item3_readmore":"Comment via facebook page","testimonials_item3_review":"I told you all this before, when you have a swimming pool, do not use chlorine, use salt water, the healing, salt water<br> is the healing. Lion! Lion! How’s business? Boomin. It’s important to use cocoa butter. It’s the key to more success,<br> why not live smooth? Why live rough?","testimonials_item3_link":"","testimonials_item4_enable":true,"testimonials_item4_star":"5","testimonials_item4_name":"Jennifer","testimonials_item4_readmore":"Comment via facebook page","testimonials_item4_review":"I told you all this before, when you have a swimming pool, do not use chlorine, use salt water, the healing, salt water<br> is the healing. Lion! Lion! How’s business? Boomin. It’s important to use cocoa butter. It’s the key to more success,<br> why not live smooth? Why live rough?","testimonials_item4_link":"","testimonials_item5_enable":true,"testimonials_item5_star":"5","testimonials_item5_name":"Emily","testimonials_item5_readmore":"Comment via facebook page","testimonials_item5_review":"I told you all this before, when you have a swimming pool, do not use chlorine, use salt water, the healing, salt water<br> is the healing. Lion! Lion! How’s business? Boomin. It’s important to use cocoa butter. It’s the key to more success,<br> why not live smooth? Why live rough?","testimonials_item5_link":"","testimonials_item6_enable":false,"testimonials_item6_star":"1","testimonials_item6_name":"","testimonials_item6_readmore":"","testimonials_item6_review":"","testimonials_item6_link":"","testimonials_item7_enable":false,"testimonials_item7_star":"1","testimonials_item7_name":"","testimonials_item7_readmore":"","testimonials_item7_review":"","testimonials_item7_link":"","testimonials_item8_enable":false,"testimonials_item8_star":"1","testimonials_item8_name":"","testimonials_item8_readmore":"","testimonials_item8_review":"","testimonials_item8_link":"","testimonials_item9_enable":false,"testimonials_item9_star":"1","testimonials_item9_name":"","testimonials_item9_readmore":"","testimonials_item9_review":"","testimonials_item9_link":"","testimonials_item10_enable":false,"testimonials_item10_star":"1","testimonials_item10_name":"","testimonials_item10_readmore":"","testimonials_item10_review":"","testimonials_item20_link":"","theme_retine_enable":true,"theme_rtl_enable":false,"theme_responsive_enable":true,"theme_paneltool_enable":true,"theme_wishlist_enable":true,"theme_wishlist_page":"wish-list","theme_viewdetails_enable":false,"theme_newproduct":"0","theme_quickview_enable":true,"theme_quickview_swatch":false,"theme_more_pimages_enable":true,"theme_more_pimages_option":"showone","theme_float_style":"","theme_header_style":"header-default","theme_layout_mode":"layout-default","home_product_imagesize":"large","product_page_imagesize":"1024x1024","product_sidebar_imagesize":"small","product_menu_imagesize":"small","product_cart_imagesize":"compact","pnewletter_enable":true,"pnewletter_cookie":"60","pnewletter_title":"become a subscriber","pnewletter_message":"Get 15% off your next order. Be the first to learn about promotions special events, new arrivals and more","pnewletter_form_action":"\/\/hvduc.us11.list-manage.com\/subscribe\/post?u=355ea7b2b4b03bc8640b8efdd&amp;id=86fecc3357","pnewletter_social_enable":false,"pnewletter_social_title":"","pnewletter_social_facebook_link":"http:\/\/www.facebook.com\/","pnewletter_social_twitter_link":"http:\/\/www.twitter.com\/","pnewletter_social_rss_link":"http:\/\/www.your-shop.com\/feed\/","pnewletter_social_youtube_link":"https:\/\/www.youtube.com\/","pnewletter_social_googleplus_link":"https:\/\/plus.google.com\/","apollo_megamenu_enable":true,"apollo_canvas_style":"styleone","apollo_megamenu_bgcolor":"#ffffff","apollo_megamenu_bgoutcolor":"#ffffff","apollo_megamenu_textcolor":"#000000","apollo_megamenu_linkcolor":"#ffffff","apollo_megamenu_linkhovercolor":"#eebe73","apollo_megamenu_linkhoverbgcolor":"rgba(0,0,0,0)","apollo_megamenu_bgsub":"#ffffff","apollo_megamenu_textcolorsub":"#656565","apollo_megamenu_linkcolorsub":"#656565","apollo_megamenu_linkhoversub":"#000000","apollo_megamenu_fontsize":"14px","apollo_megamenu_fontsizesub":"14px","apmenuitem_enable_1":true,"apmenuitem_title_1":"shop","apmenuitem_fullwidth_1":true,"apmenuitem_width_1":"600px","apmenuitem_eblocklinks_1":true,"apmenuitem_columns_blocklinks_1":"8","apmenuitem_columns_1":"6","apmenuitem_evideo_1":false,"apmenuitem_columns_blockvideo_1":"5","apmenuitem_cvideo_1":"[youtube width=\"430\" height=\"250\" video=\"aE7-KZVXvJs\"]","apmenuitem_eproduct_1":false,"apmenuitem_columns_blockproducts_1":"4","apmenuitem_tproduct_1":"Bestseller","apmenuitem_cproduct_1":"","apmenuitem_nproduct_1":"2","apmenuitem_ehtml_1":true,"apmenuitem_columns_blockhtml_1":"4","apmenuitem_thtml_1":"","apmenuitem_chtml_1":"","apmenuitem_enable_2":true,"apmenuitem_title_2":"blog","apmenuitem_fullwidth_2":true,"apmenuitem_width_2":"","apmenuitem_eblocklinks_2":true,"apmenuitem_columns_blocklinks_2":"8","apmenuitem_columns_2":"6","apmenuitem_evideo_2":false,"apmenuitem_columns_blockvideo_2":"4","apmenuitem_cvideo_2":"<iframe  src=\"\/\/www.youtube.com\/embed\/ZROI8ajlw1w\" width=\"100%\" height=\"280\"  allowfullscreen><\/iframe>","apmenuitem_eproduct_2":false,"apmenuitem_columns_blockproducts_2":"4","apmenuitem_tproduct_2":"Bestseller","apmenuitem_cproduct_2":"","apmenuitem_nproduct_2":"2","apmenuitem_ehtml_2":true,"apmenuitem_columns_blockhtml_2":"4","apmenuitem_thtml_2":"","apmenuitem_chtml_2":"","apmenuitem_enable_3":true,"apmenuitem_title_3":"page","apmenuitem_fullwidth_3":true,"apmenuitem_width_3":"600px","apmenuitem_eblocklinks_3":true,"apmenuitem_columns_blocklinks_3":"12","apmenuitem_columns_3":"4","apmenuitem_evideo_3":false,"apmenuitem_columns_blockvideo_3":"4","apmenuitem_cvideo_3":"<iframe  src=\"\/\/www.youtube.com\/embed\/WbP_v5TMY7k\"   allowfullscreen><\/iframe>","apmenuitem_eproduct_3":false,"apmenuitem_columns_blockproducts_3":"4","apmenuitem_tproduct_3":"Women","apmenuitem_cproduct_3":"","apmenuitem_nproduct_3":"2","apmenuitem_ehtml_3":false,"apmenuitem_columns_blockhtml_3":"4","apmenuitem_thtml_3":"About us","apmenuitem_chtml_3":"Ever since Guccio Gucci founded the house in Florence in 1921, the brand has been a destination for the world’s most discerning men and women, representing","apmenuitem_enable_4":false,"apmenuitem_title_4":"theme features","apmenuitem_fullwidth_4":false,"apmenuitem_width_4":"700px","apmenuitem_eblocklinks_4":true,"apmenuitem_columns_blocklinks_4":"12","apmenuitem_columns_4":"4","apmenuitem_evideo_4":false,"apmenuitem_columns_blockvideo_4":"1","apmenuitem_cvideo_4":"","apmenuitem_eproduct_4":false,"apmenuitem_columns_blockproducts_4":"1","apmenuitem_tproduct_4":"","apmenuitem_cproduct_4":"","apmenuitem_nproduct_4":"","apmenuitem_ehtml_4":false,"apmenuitem_columns_blockhtml_4":"1","apmenuitem_thtml_4":"","apmenuitem_chtml_4":"","apmenuitem_enable_5":false,"apmenuitem_title_5":"","apmenuitem_fullwidth_5":false,"apmenuitem_width_5":"","apmenuitem_eblocklinks_5":false,"apmenuitem_columns_blocklinks_5":"1","apmenuitem_columns_5":"1","apmenuitem_evideo_5":false,"apmenuitem_columns_blockvideo_5":"1","apmenuitem_cvideo_5":"","apmenuitem_eproduct_5":false,"apmenuitem_columns_blockproducts_5":"1","apmenuitem_tproduct_5":"","apmenuitem_cproduct_5":"","apmenuitem_nproduct_5":"","apmenuitem_ehtml_5":false,"apmenuitem_columns_blockhtml_5":"1","apmenuitem_thtml_5":"","apmenuitem_chtml_5":"","lazyload_enable":true,"lazyload_header":"fadeInDown","lazyload_topcolumn":"fadeInUp","lazyload_protop":"fadeInUp","lazyload_bloghome":"fadeInLeft","lazyload_newsletter":"fadeInRight","lazyload_htmlbottom":"fadeInUp","lazyload_manu":"fadeInUp","lazyload_fashop":"fadeInLeft","lazyload_fsocial":"fadeInRight","lazyload_fopentime":"fadeInLeft","lazyload_flinks":"fadeInUp","lazyload_fcontact":"fadeInRight","lazyload_fcoppyright":"fadeInUp","slider_home_enable":true,"slider_group_class":"","slider_background_color":"#f5f5f5","slider_animation_type":"slide","slider_type_Nav":"bullet","slider_style_arrows":"nextpreview","slide_1":true,"slideshow_url_1":"\/collections\/all","slider_caption_1":"right","slider_caption_top_1":"25%","slideshow_txtfirst_1":"Smart Shirt In Long Sleeve","slideshow_txtfirst_effect_1":"fade","slideshow_txtfirst_delay_1":"0.5s","slideshow_title_1":"Discounts <br> Up to 35%","slideshow_title_effect_1":"bounceInRight","slideshow_title_delay_1":"1s","slideshow_des_1":"","slideshow_des_effect_1":"bounceInRight","slideshow_des_delay_1":"1.5s","slideshow_textlink_1":"","slideshow_urllink_1":"","slideshow_button_effect_1":"bounceIn","slideshow_button_delay_1":"2.5s","slide_2":true,"slideshow_url_2":"#","slider_caption_2":"left","slider_caption_top_2":"25%","slideshow_txtfirst_2":"save up to 50%","slideshow_txtfirst_effect_2":"fade","slideshow_txtfirst_delay_2":"0.5s","slideshow_title_2":"New <br> Arrivals","slideshow_title_effect_2":"bounceInDown","slideshow_title_delay_2":"1s","slideshow_des_2":"","slideshow_des_effect_2":"bounceInUp","slideshow_des_delay_2":"1.5s","slideshow_textlink_2":"","slideshow_urllink_2":"","slideshow_button_effect_2":"bounceIn","slideshow_button_delay_2":"2.5s","slide_3":false,"slideshow_url_3":"#","slider_caption_3":"center","slider_caption_top_3":"20%","slideshow_txtfirst_3":"Introducing","slideshow_txtfirst_effect_3":"fade","slideshow_txtfirst_delay_3":"0.5s","slideshow_title_3":"Autumn Collection 2015","slideshow_title_effect_3":"fade","slideshow_title_delay_3":"1s","slideshow_des_3":"Duis sed odio sit amet nibh vulputate cursus a sit amet mauris<br\/>","slideshow_des_effect_3":"fade","slideshow_des_delay_3":"1.5s","slideshow_textlink_3":"Shop Now","slideshow_urllink_3":"#","slideshow_button_effect_3":"fade","slideshow_button_delay_3":"2.0s","slide_4":false,"slideshow_url_4":"","slider_caption_4":"center","slider_caption_top_4":"","slideshow_txtfirst_4":"","slideshow_txtfirst_effect_4":"fade","slideshow_txtfirst_delay_4":"0.5s","slideshow_title_4":"","slideshow_title_effect_4":"fade","slideshow_title_delay_4":"0.5s","slideshow_des_4":"","slideshow_des_effect_4":"fade","slideshow_des_delay_4":"0.5s","slideshow_textlink_4":"","slideshow_urllink_4":"#","slideshow_button_effect_4":"fade","slideshow_button_delay_4":"0.5s","slide_5":false,"slideshow_url_5":"","slider_caption_5":"center","slider_caption_top_5":"","slideshow_txtfirst_5":"","slideshow_txtfirst_effect_5":"fade","slideshow_txtfirst_delay_5":"0.5s","slideshow_title_5":"","slideshow_title_effect_5":"fade","slideshow_title_delay_5":"0.5s","slideshow_des_5":"","slideshow_des_effect_5":"fade","slideshow_des_delay_5":"0.5s","slideshow_textlink_5":"","slideshow_urllink_5":"#","slideshow_button_effect_5":"fade","slideshow_button_delay_5":"0.5s","slide_6":false,"slideshow_url_6":"","slider_caption_6":"center","slider_caption_top_6":"","slideshow_txtfirst_6":"","slideshow_txtfirst_effect_6":"fade","slideshow_txtfirst_delay_6":"0.5s","slideshow_title_6":"","slideshow_title_effect_6":"fade","slideshow_title_delay_6":"0.5s","slideshow_des_6":"","slideshow_des_effect_6":"fade","slideshow_des_delay_6":"0.5s","slideshow_textlink_6":"","slideshow_urllink_6":"#","slideshow_button_effect_6":"fade","slideshow_button_delay_6":"0.5s","logo_use_image":true,"logo_max_width":"450","favicon_enable":true,"home_productlists1_enable":true,"home_productlists1_type":"owl_carousel","home_productlists1_limit":"8","home_productlists1_itempage":"4","home_productlists1_columntab":"4","home_productlists1_interval":"8000","home_productlist1_titletab":"Women","home_productlist1_titletab_sub":"Shop the look","home_productlists1_collection":"","home_about_store_enable":true,"footer_about_store_title":"WE LOVE FASHION","footer_about_store_content":"Duis sed odio sit amet nibh vulputate cursus a sit amet mauris. Morbi <br>accumsan ipsum velit. Nam nec tellus a odio tincidunt auctor a ornare odio.<br> Sed non mauris vitae erat consequat","footer_about_button":"More Detail","footer_aboutshop_link":"","home_productlists2_enable":true,"home_productlists2_type":"owl_carousel","home_productlists2_limit":"8","home_productlists2_itempage":"4","home_productlists2_columntab":"4","home_productlists2_interval":"8000","home_productlist2_titletab":"Men","home_productlist2_titletab_sub":"New In","home_productlists2_collection":"","home_register_email_enable":true,"homepage_newsletter_enable":true,"homepage_newsletter_title":"BECOME A PREFERRED SUBSCRIBER","homepage_newsletter_des":"Get 15% off your next order. Be the first to learn about promotions special events, new arrivals and more","newsletter_form_action":"\/\/hvduc.us11.list-manage.com\/subscribe\/post?u=355ea7b2b4b03bc8640b8efdd&amp;id=86fecc3357","bg_email":"#ededeb","home_productlists3_enable":true,"home_productlists3_type":"owl_carousel","home_productlists3_limit":"8","home_productlists3_itempage":"4","home_productlists3_columntab":"4","home_productlists3_interval":"8000","home_productlist3_titletab":"ACCESSORIES","home_productlist3_titletab_sub":"The Collections","home_productlists3_collection":"","homepage_testimmonial_enable":true,"homepage_testimmonial_title":"TESTIMONIALS","homepage_testimmonial_title_sub":"WHAT CLIENTS SAY","homepage_testimmonial_des_1":"Aenean sollicitudin, lorem quis bibendum auctor, nisi elit consequat ipsum,<br>\r\nnec sagittis sem nibh id elit. Duis sed odio sit amet nibh\r\n<br>vulputate cursus sit amet mauris","homepage_testimmonial_name_1":"JOHN DOE 1","homepage_testimmonial_sub_1":"Duis sed odio 1","homepage_testimmonial_des_2":"Aenean sollicitudin, lorem quis bibendum auctor, nisi elit consequat ipsum,<br> nec sagittis sem nibh id elit. Duis sed odio sit amet nibh<br> vulputate cursus sit amet mauris","homepage_testimmonial_name_2":"JOHN DOE 2","homepage_testimmonial_sub_2":"Duis sed odio 2","homepage_testimmonial_des_3":"Aenean sollicitudin, lorem quis bibendum auctor, nisi elit consequat ipsum,<br> nec sagittis sem nibh id elit. Duis sed odio sit amet nibh<br> vulputate cursus sit amet mauris","homepage_testimmonial_name_3":"JOHN DOE 3","homepage_testimmonial_sub_3":"Duis sed odio 3","home_blogs_enable":false,"home_blogs_title":"Lastest News","home_blogs_type":"owl_carousel","home_blogs_select":"","home_blogs_limit":"3","home_blogs_itemperpage":"3","home_blogs_itemcolumn":"3","home_blogs_interval":"8000","home_blogs_showimage":true,"home_blogs_imagesize":"1024x1024","home_blogs_createdate":true,"home_blogs_counter":true,"home_vendor_carousel_enable":true,"home_vendor_carousel_title":"SHOP BY","home_vendor_carousel_title_sub":"TOP FAVOURITES","home_vendor_carousel_type":"owl_carousel","home_vendor_itempage":"8","home_vendor_columntab":"4","home_vendor_carousel_interval":"8000","home_vendor_enable_1":true,"home_vendor_name_1":"\/collections\/all","home_vendor_enable_2":true,"home_vendor_name_2":"\/collections\/all","home_vendor_enable_3":true,"home_vendor_name_3":"\/collections\/all","home_vendor_enable_4":true,"home_vendor_name_4":"\/collections\/all","home_vendor_enable_5":true,"home_vendor_name_5":"\/collections\/all","home_vendor_enable_6":true,"home_vendor_name_6":"\/collections\/all","home_vendor_enable_7":true,"home_vendor_name_7":"\/collections\/all","home_vendor_enable_8":true,"home_vendor_name_8":"\/collections\/all","home_vendor_enable_9":true,"home_vendor_name_9":"\/collections\/all","home_vendor_enable_10":true,"home_vendor_name_10":"\/collections\/all","home_vendor_enable_11":true,"home_vendor_name_11":"\/collections\/all","home_vendor_enable_12":true,"home_vendor_name_12":"\/collections\/all","footer_style":"footer","home_shipping_enable":true,"homepage_shipping_title":"FREE SHIPPING","homepage_shipping_title_sub":"WORLDWIDE","homepage_shipping_des":"Sed non mauris vitae erat consequat auctor eu in elit. Class aptent taciti <br>\r\nsociosqu ad litora torquent per conubia nostra","footer_aboutshop_enable":true,"footer_aboutshop_title":"CONTACT INFO","footer_aboutshop_des":"Morbi accumsan ipsum velit. Nam nec tellus a odio tincidunt auctor a ornare odio. Sed non mauris vitae\r\nCerat consequat auctor eu in elit.Class aptent taciti sociosqu ad litora torquent per conubia nostra, per inceptos himenaeos.","footer_aboutshop_title_shop1":"OFFICE","footer_aboutshop_address_shop1":"No 1123, Sky Tower Street, New York, USA","footer_aboutshop_number_shop1":"+844 123 456 78 \/ +844 123 456 79","footer_aboutshop_email_shop1":"contact@yourcompany.com","footer_aboutshop_title_shop2":"STORE","footer_aboutshop_address_shop2":"No 1123, Sky Tower Street, New York, USA","footer_aboutshop_number_shop2":"+844 123 456 78","footer_aboutshop_email_shop2":"contact@yourcompany.com","footer_quicklinks_enable":true,"footer_quicklinks_title":"Account","footer_quicklinks_linklist":"account","footer_quicklinks_enable_1":true,"footer_quicklinks_title_1":"Information","footer_quicklinks_linklist_1":"informations","footer_quicklinks_enable_2":true,"footer_quicklinks_title_2":"Quick Links","footer_quicklinks_linklist_2":"footer","footer_quicklinks_enable_3":true,"footer_quicklinks_title_3":"Customer Service","footer_quicklinks_linklist_3":"footer","show_payment":false,"sidebar_style_moblie":"accordion_sidebar","categories_block_enable":true,"use_multiple_filter":false,"categories_block_title":"Categories","categories_block_productcount":true,"categories_block_style":"show_all","categories_block_number":"10","categories_block_items":"","shop_by_vendor_enable":false,"shop_by_vendor_title":"Vendor","shop_by_vendor_number":"10","shop_by_type_enable":false,"shop_by_type_title":"Product Type","shop_by_type_number":"10","shop_by_catalog_enable":true,"use_ajax_for_catalog_filter":true,"shop_by_catalog_title":"Catalog","shop_by_size_enable":true,"shop_by_size_title":"Size","shop_by_size_list":"XS,S,M,L,XL","shop_by_price_enable":true,"shop_by_price_title":"Price","shop_by_price_list":"Under $50,$50 - $100,$100 - $200,$200 - $400, Above $400","shop_by_color_enable":true,"shop_by_color_title":"Color","shop_by_color_text_1":"White","shop_by_color_text_2":"Silver","shop_by_color_text_3":"Gray","shop_by_color_text_4":"Black","shop_by_color_text_5":"Red","shop_by_color_text_6":"Yellow","shop_by_color_text_7":"Green","shop_by_color_text_8":"Blue","shop_by_color_text_9":"","shop_by_color_text_10":"","shop_by_color_text_11":"","shop_by_color_text_12":"","shop_by_color_text_13":"","shop_by_color_text_14":"","shop_by_color_text_15":"","shop_by_color_text_16":"","shop_by_color_text_17":"","shop_by_color_text_18":"","shop_by_color_text_19":"","shop_by_color_text_20":"","sidebar_bannerone_enable":false,"sidebar_bannerone_link":"\/collections\/all","sidebar_products_enable":true,"sidebar_products_title":"Best Sellers","sidebar_products_collection":"women","sidebar_products_number":"3","sidebar_products_more_title":"All best sellers","product_page_jqzoom_type":"jqzoom_inner","product_page_tabs_enable":true,"product_page_nextpreview":true,"product_page_social_enable":true,"product_page_social_facebook_enable":true,"product_page_social_twitter_enable":true,"product_page_social_google_enable":true,"product_page_social_linkedin_enable":false,"product_page_social_pinterest_enable":true,"product_page_imageunder_enable":false,"product_reviews_enable":true,"product_moreinfo_tab1":true,"product_moreinfo_tab1title":"More info","product_moreinfo_tab2":false,"product_moreinfo_tab2title":"Custom Tab 1","product_moreinfo_tab2des":"","product_moreinfo_tab3":false,"product_moreinfo_tab3title":"Custom Tab 2","product_moreinfo_tab3des":"","product_moreinfo_tab4":true,"product_moreinfo_tab4title":"Reviews","product_related_enable":true,"product_related_type":"owl_carousel","product_related_title":"Related Product","product_related_title_sub":"PRODUCTS IN THE SAME CATEGORY","product_related_interval":"8000","product_related_column":"3","collection_product_per_page":"12","collection_product_per_row":"3","collection_product_userow":false,"blog_page_socialsharing_enable":true,"blog_page_socialsharing_title":"","blog_page_socialsharing_code":"","blogsidebar_html_enable":true,"blogsidebar_html_title":"Sample Text Box","blogsidebar_html_des":"Create a page in your admin panel with a little bit of content. Then assign that page to the Text Widget section in the Theme Settings of your admin.","blogsidebar_html_link":"","cart_notes_enable":true,"cart_vendor_enable":false,"ajax_cart_enable":true,"ajax_cart_method":"modal","map_title":"","map_home_enable":true,"map_zoom":"14","map_title_1":"Dade County","map_address_1":"140 Louisiana Ave NW, Washington, D.C","map_lat_1":"40.703658","map_long_1":"-74.010548","map_title_2":"","map_address_2":"","map_lat_2":"","map_long_2":"","map_title_3":"","map_address_3":"","map_lat_3":"","map_long_3":"","map_title_4":"","map_address_4":"","map_lat_4":"","map_long_4":"","map_title_5":"","map_address_5":"","map_lat_5":"","map_long_5":"","map_title_6":"","map_address_6":"","map_lat_6":"","map_long_6":"","map_title_7":"","map_address_7":"","map_lat_7":"","map_long_7":"","map_title_8":"","map_address_8":"","map_lat_8":"","map_long_8":"","map_title_9":"","map_address_9":"","map_lat_9":"","map_long_9":"","map_title_10":"","map_address_10":"","map_lat_10":"","map_long_10":"","contact_infor_title":"Contact Information","contact_infor_des":"","contact_infor_address":"Galaxy Tower - 228b Baker Street -<br>London - United Kingdom","contact_infor_phone":"(+84). 123. 456. 789<br>(+84). 123. 456. 789","contact_infor_email":"Mail us: info@centershop.com","contact_infor_website":"www.example.com","footer_store_contact":true,"footer_store_contact_icon":"fa-map-marker","footer_store_contact_title":"location store","footer_store_contact_des":"No 1123, Sky Tower Street, New York, USA<br>\r\n+844 123 456 78 \/ +844 123 456 79<br>\r\ncontac@yourcompany.com","footer_store_contact_link_text":"more stores","footer_store_contact_link":"\/","footer_store_contact_2":true,"footer_store_contact_icon_2":"fa-phone","footer_store_contact_title_2":"customer service","footer_store_contact_des_2":"+844 123 456 78<br>\r\nMon to Fri - Local UK rates 8:00 AM to 7:00 PM<br>\r\ncontac@mystore.com","footer_store_contact_link_text_2":"contact us now","footer_store_contact_link_2":"\/pages\/frontpage","twittercard_handle":"@","show_multiple_currencies":true,"currency_format":"money_format","supported_currencies_1":"USD","supported_currencies_2":"EUR","supported_currencies_3":"AUD","supported_currencies_4":"GBP","supported_currencies_5":"JPY","footer_social_enable":true,"footer_social_title":"Follow us on social","footer_social_facebook_link":"http:\/\/www.facebook.com\/","footer_social_twitter_link":"http:\/\/www.twitter.com\/","footer_social_instagram_link":"https:\/\/instagram.com\/","footer_social_pinterest_link":"https:\/\/www.pinterest.com\/","footer_social_rss_link":"http:\/\/www.your-shop.com\/feed\/","footer_social_youtube_link":"https:\/\/www.youtube.com\/","footer_social_googleplus_link":"https:\/\/plus.google.com\/","checkout_use_header_image":false,"checkout_logo":"","checkout_logo_position":"left","checkout_logo_size":"medium","checkout_use_body_background_image":false,"checkout_body_background_color":"#fff","checkout_input_background_color_mode":"white","checkout_use_sidebar_background_image":false,"checkout_sidebar_background_color":"#fafafa","checkout_heading_font":"Helvetica Neue","checkout_body_font":"Helvetica Neue","checkout_accent_color":"#2a9dcc","checkout_button_color":"#2a9dcc","checkout_error_color":"#ff6d6d","page4_page":"watch-mutil-color","page6_product":"now-available-on-desktop","page1_viewmore":"Start Trial","page1_viewmore_link":"#pageTwoApollo","page6_viewmore":"For mac os","page6_viewmore_link":"#pageEight","page6_viewmore_2":"For window","page6_viewmore_link_2":"#pageEight","page8_title":"PRICING TABLE","theme_bg_color_special":"#f9f9f9","theme_bgbottom_color_special":"#ffffff","theme_bgbutton_color_special":"#454545","page8_bgimage":false,"page8_table1_title":"SILVER PACKET","page8_table1_price":"$10.00","page8_table1_desc_1":"1 device available","page8_table1_desc_2":"Limited Support","page8_table1_desc_3":"Include google Ad","page8_table1_desc_4":"No Auto update","page8_table1_button":"PURCHASE NOW","page8_product_1":"humanitatis-per-seacula","page8_table2_title":"GOLDEN PACKET","page8_table2_price":"$29.00","page8_table2_desc_1":"4 devices available","page8_table2_desc_2":"Unlimited Support","page8_table2_desc_3":"Include google Ad","page8_table2_desc_4":"Auto update","page8_table2_button":"PURCHASE NOW","page8_product_2":"humanitatis-per-seacula-4","page8_table3_title":"PLATINUM PACKET","page8_table3_price":"$69.00","page8_table3_desc_1":"9 devices available","page8_table3_desc_2":"Unlimited Support","page8_table3_desc_3":"No google Ad","page8_table3_desc_4":"Auto update","page8_table3_button":"PURCHASE NOW","page8_product_3":"humanitatis-per-seacula","page9_enable":true,"page9_bgcolor":"#FFFFFF","page9_id":"pageNine","page9_title":"Newsletter","page9_des":"Claritas est etiam processus dynamicus, qui sequitur mutationem consuetudium lectorum. Mirum est notare quam littera gothica, quam nunc putamus parum claram","page10_enable":true,"page10_bgcolor":"#333333","page10_id":"pageTen","page5_title":"best solution<br\/> for your business","page5_page":"best-solution-for-your-business","page4_video":"<iframe src=\"https:\/\/player.vimeo.com\/video\/117994070\" allowfullscreen><\/iframe>","page1_page":"we-create-the-unbelieve-application","page8_table1_title_1":"1 device available","page8_table1_title_2":"Limited Support","page8_table1_title_3":"Include google Ad","page8_table1_title_4":"No Auto update","page8_table2_title_1":"4 device available","page8_table2_title_2":"Unlimited Support","page8_table2_title_3":"Include google Ad","page8_table2_title_4":"Auto update","page8_table3_title_1":"9 device available","page8_table3_title_2":"Unlimited Support","page8_table3_title_3":"No google Ad","page8_table3_title_4":"Auto update","page8_page":"pricing-table","page9_bgimage":false,"page10_bgimage":false,"theme_onepage_color":"#23d5e0","theme_onepage_secondarycolor":"#23d5e0","theme_onepage_textcolor":"#000000","theme_onepage_textcolor2":"#666666","page6_btn_bgcolor":"#f3f3f3","page6_btn_textcolor":"#000000","page6_page":"page-four","page5_btn_bgcolor":"#f3f3f3","page5_btn_textcolor":"#000000","sidebar_productdetail_enable":"0","sidebar_productlists_enable":true,"sidebar_productlists_type":"boostrap_carousel","sidebar_productlists_limit":"6","sidebar_productlists_itempage":"3","sidebar_productlists_interval":"10000","sidebar_productlists_titletab":"Best Seller","sidebar_productlists_collection":"accessories","home_hotdeal_enable":true,"home_hotdeal_type":"owl_carousel","home_hotdeal_limit":"4","home_hotdeal_itempage":"1","home_hotdeal_columntab":"1","home_hotdeal_interval":"8000","home_hotdeal_title":"<span>Hot<\/span> Deal","home_hotdeal_collection":"","home_bannertop_enable":true,"home_bannertop_link":"\/collections\/all","homepage_bannercenter_enable":true,"homepage_bannercenter_link":"\/collections\/all","sidebar_blogs_enable":false,"sidebar_blogs_title":"<span>Latest<\/span> Blog","sidebar_blogs_select":"news","sidebar_blogs_limit":"3","sidebar_blogs_showimage":true,"sidebar_blogs_createdate":true,"sidebar_bannerthree_enable":true,"sidebar_bannerthree_link":"#","apollo_count_down_enable":true,"apollo_count_down_collections":false,"apollo_count_down_prodetails":false,"apollo_count_down_dealpages":"","apollo_dealpages_count":"16","home_productdeal_time":"684266113@12\/31\/2015_04:00:00\r\n684266561@12\/27\/2015_06:00:00\r\n684264961@08\/24\/2015_00:05:00\r\n684265537@12\/24\/2015_00:02:00","verticalmenu_enable":true,"verticalmenu_linklist":"","verticalmenu_title":"Categories","verticalmenu_bgcolor":"#444444","verticalmenu_textcolor":"#ffffff","verticalmenu_linkcolor":"#ffffff","verticalmenu_linkhovercolor":"#31a8d2","verticalmenu_linkhoverbgcolor":"#2b2b2b","verticalmenu_textcolorsub":"#000000","verticalmenu_linkcolorsub":"#777777","verticalmenu_linkhoversub":"#31a8d2","vermenuicon_enable":true,"vermenuicon_color":"#999999","vermenuicon_font_1":"","vermenuicon_eimage_1":true,"vermenuicon_font_2":"","vermenuicon_eimage_2":true,"vermenuicon_font_3":"","vermenuicon_eimage_3":true,"vermenuicon_font_4":"","vermenuicon_eimage_4":true,"vermenuicon_font_5":"","vermenuicon_eimage_5":true,"vermenuicon_font_6":"","vermenuicon_eimage_6":true,"vermenuicon_font_7":"","vermenuicon_eimage_7":false,"vermenuicon_font_8":"","vermenuicon_eimage_8":false,"vermenuicon_font_9":"","vermenuicon_eimage_9":false,"vermenuicon_font_10":"","vermenuicon_eimage_10":false,"vermenuitem_menu_desc_1":"Proin gravida nibh vel velit auctor aliquet","vermenuitem_menu_desc_2":"Aenean sollicitudin, lorem quis bibendum auctor","vermenuitem_menu_desc_3":"Duis sed odio sit amet nibh vulputate","vermenuitem_menu_desc_4":"Morbi accumsan ipsum velit. Nam nec tellus","vermenuitem_menu_desc_5":"Sed non  mauris vitae erat consequat auctor eu in elit","vermenuitem_menu_desc_6":"Class aptent taciti sociosqu ad litora","vermenuitem_menu_desc_7":"","vermenuitem_menu_desc_8":"","vermenuitem_menu_desc_9":"","vermenuitem_menu_desc_10":"","vermenuitem_enable_1":true,"vermenuitem_title_1":"Mobile & Computers","vermenuitem_eimage_1":false,"vermenuitem_width_1":"520px","vermenuitem_eblocklinks_1":false,"vermenuitem_columns_blocklinks_1":"1","vermenuitem_columns_1":"1","vermenuitem_evideo_1":false,"vermenuitem_columns_blockvideo_1":"1","vermenuitem_cvideo_1":"","vermenuitem_eproduct_1":true,"vermenuitem_columns_blockproducts_1":"12","vermenuitem_tproduct_1":"Bestseller","vermenuitem_cproduct_1":"","vermenuitem_nproduct_1":"4","vermenuitem_ehtml_1":false,"vermenuitem_columns_blockhtml_1":"1","vermenuitem_thtml_1":"","vermenuitem_chtml_1":"","vermenuitem_enable_2":true,"vermenuitem_title_2":"Fashion","vermenuitem_eimage_2":true,"vermenuitem_width_2":"520px","vermenuitem_eblocklinks_2":true,"vermenuitem_columns_blocklinks_2":"12","vermenuitem_columns_2":"6","vermenuitem_evideo_2":false,"vermenuitem_columns_blockvideo_2":"1","vermenuitem_cvideo_2":"","vermenuitem_eproduct_2":false,"vermenuitem_columns_blockproducts_2":"1","vermenuitem_tproduct_2":"","vermenuitem_cproduct_2":"","vermenuitem_nproduct_2":"","vermenuitem_ehtml_2":false,"vermenuitem_columns_blockhtml_2":"1","vermenuitem_thtml_2":"","vermenuitem_chtml_2":"","vermenuitem_enable_3":false,"vermenuitem_title_3":"","vermenuitem_eimage_3":false,"vermenuitem_width_3":"","vermenuitem_eblocklinks_3":false,"vermenuitem_columns_blocklinks_3":"1","vermenuitem_columns_3":"1","vermenuitem_evideo_3":false,"vermenuitem_columns_blockvideo_3":"1","vermenuitem_cvideo_3":"","vermenuitem_eproduct_3":false,"vermenuitem_columns_blockproducts_3":"1","vermenuitem_tproduct_3":"","vermenuitem_cproduct_3":"","vermenuitem_nproduct_3":"","vermenuitem_ehtml_3":false,"vermenuitem_columns_blockhtml_3":"1","vermenuitem_thtml_3":"","vermenuitem_chtml_3":"","vermenuitem_enable_4":false,"vermenuitem_title_4":"","vermenuitem_eimage_4":false,"vermenuitem_width_4":"","vermenuitem_eblocklinks_4":false,"vermenuitem_columns_blocklinks_4":"1","vermenuitem_columns_4":"1","vermenuitem_evideo_4":false,"vermenuitem_columns_blockvideo_4":"1","vermenuitem_cvideo_4":"","vermenuitem_eproduct_4":false,"vermenuitem_columns_blockproducts_4":"1","vermenuitem_tproduct_4":"","vermenuitem_cproduct_4":"","vermenuitem_nproduct_4":"","vermenuitem_ehtml_4":false,"vermenuitem_columns_blockhtml_4":"1","vermenuitem_thtml_4":"","vermenuitem_chtml_4":"","vermenuitem_enable_5":false,"vermenuitem_title_5":"","vermenuitem_eimage_5":false,"vermenuitem_width_5":"","vermenuitem_eblocklinks_5":false,"vermenuitem_columns_blocklinks_5":"1","vermenuitem_columns_5":"1","vermenuitem_evideo_5":false,"vermenuitem_columns_blockvideo_5":"1","vermenuitem_cvideo_5":"","vermenuitem_eproduct_5":false,"vermenuitem_columns_blockproducts_5":"1","vermenuitem_tproduct_5":"","vermenuitem_cproduct_5":"","vermenuitem_nproduct_5":"","vermenuitem_ehtml_5":false,"vermenuitem_columns_blockhtml_5":"1","vermenuitem_thtml_5":"","vermenuitem_chtml_5":"","sidebar_bannertwo_enable":false,"sidebar_bannertwo_link":"\/collections\/all","productpage_banner_enable":true,"productpage_banner_link":"\/collections\/all","propage_productlists1_enable":true,"propage_productlists1_type":"owl_carousel","propage_productlists1_limit":"4","propage_productlists1_itempage":"2","propage_productlists1_columntab":"2","propage_productlists1_interval":"8000","propage_productlist1_titletab":"<span>Best<\/span> Sellers","propage_productlists1_collection":"","build_product_item":"one","twitter_enable":true,"twitter_title":"<span>Twitter<\/span>","twitter_id":"466140917783465984","twitter_count":"1","twitter_user":"ApolloTheme","twitter_border_color":"#ffffff","twitter_link_color":"#31a8d2","twitter_text_color":"#c2c2c2","twitter_name_color":"#31a8d2","twitter_width":"262","twitter_height":"300","twitter_show_background":false,"twitter_show_border_enable":false,"twitter_show_replies":false,"twitter_show_header":false,"twitter_show_footer":false,"twitter_show_scrollbar":false,"homepage_testimmonial_des":"Aenean sollicitudin, lorem quis bibendum auctor, nisi elit consequat ipsum,<br> nec sagittis sem nibh id elit. Duis sed odio sit amet nibh<br> vulputate cursus sit amet mauris","homepage_testimmonial_name":"JOHN DOE 2","homepage_testimmonial_sub":"Duis sed odio 2","home_productlists4_enable":true,"home_productlists4_type":"owl_carousel","home_productlists4_limit":"8","home_productlists4_itempage":"4","home_productlists4_columntab":"4","home_productlists4_interval":"8000","home_productlist4_titletab":"<span>Fashion<\/span> Handbags","home_productlists4_collection":"","home_productlists5_enable":true,"home_productlists5_type":"owl_carousel","home_productlists5_limit":"8","home_productlists5_itempage":"4","home_productlists5_columntab":"4","home_productlists5_interval":"8000","home_productlist5_titletab":"<span>Luxury<\/span> Perfume","home_productlists5_collection":"","checkout_banner_background_color":"#ffffff","checkout_headline":"","checkout_call_to_action_color":"#8fc243","topbar_text_default":"","map_contact_enable":true,"customer_layout":"theme","home_blockhtml_tilte_1":"Shoes Collection","home_blockhtml_des_1":"The Ultimate","home_blockhtml_link_1":"\/collections\/all","home_blockhtml_tilte_2":"Free Shipping","home_blockhtml_des_2":"on order over $150.00","home_blockhtml_link_2":"\/collections\/all","home_blockhtml_tilte_3":"New For Men","home_blockhtml_des_3":"Spring 2015","home_blockhtml_buttontxt_3":"View Collection","home_blockhtml_link_3":"\/collections\/all","home_blockhtml_tilte_4":"Your Bags","home_blockhtml_des_4":"Find","home_blockhtml_link_4":"\/collections\/all","home_blockhtml_tilte_5":"Free Returns","home_blockhtml_des_5":"free 90 days returns policy","home_blockhtml_link_5":"\/collections\/all","home_producttabs_interval":"8000","home_producttabs_titletab_1":"New Arrivals","home_producttabs_titletab_2":"Best Seller","home_producttabs_titletab_3":"Featured Products","home_producttabs_titletab_4":"","homepage_bannerbottom_link":"\/collections\/all","footer_blockhtml_title":"Openning Time","footer_blockcontact_title":"Contact","sidebar_products_recently_title":"Recently Viewed","footer_blockhtml_content":"<ul class=\"time\">\r\n<li><span class=\"pull-left\">Monday - Friday<\/span><span class=\"pull-right\">8.00 to 18.00<\/span><\/li>\r\n<li><span class=\"pull-left\">Saturday<\/span><span class=\"pull-right\">9.00 to 21.00<\/span><\/li>\r\n<li><span class=\"pull-left\">Sunday<\/span><span class=\"pull-right\">10.00 to 21.00<\/span><\/li>\r\n<\/ul>\r\n<div class=\"ct-p\"><span>Call us: <strong>0123 456 789<\/strong><\/span><\/div>","footer_blockcontact_content":"<div class=\"footer_contact\">\r\n<strong>Warehouse &amp; Offices<\/strong>\r\n<p>12345 Street name, California, USA<br>0123 456 789 \/ 0123 456 788<\/p>\r\n<strong>Retail Store<\/strong>\r\n<p>54321 Street name, California, USA<br>0123 456 789 \/ 0123 456 788<\/p>\r\n<\/div>","slider_width_mode":"boxed","home_producttabs_type":"boostrap_carousel","home_blockhtml_enable":true,"home_producttabs_enable":true,"homepage_bannerbottom_enable":true,"footer_blockhtml_enable":true,"footer_blockcontact_enable":true,"sidebar_collection_enable":true,"sidebar_products_recently_enable":"0","home_producttabs_collection_1":"","home_producttabs_collection_2":"","home_producttabs_collection_3":"","home_producttabs_collection_4":"","sidebar_products_recently_number":"1","apollo_megamenu_font":"Helvetica, Arial, sans-serif","apollo_megamenu_linkbg":"#aaaaee","apollo_megamenu_fontsub":"Helvetica, Arial, sans-serif","apollo_megamenu_bgcolorsub":"#ffffff","apollo_megamenu_linkbgsub":"#aaaaee","color_primary":"#747474","color_secondary":"#bbbbbb","color_body_bg":"#ffffff","color_borders":"#e5e5e5","color_body_text":"#333333","color_footer_bg":"#f2f2f2","color_footer_text":"#636363","color_footer_social_link":"#bbbbbb","my_linklist":"","footer_newsletter_enable":"true","footer_newsletter_title":"","home_productlists_enable":"false","home_productlists_type":"owl_carousel","home_productlists_interval":"8000","home_productlist_titletab":"","home_productlists_collection":"new-products","slider_show_controlNav":"true","social_twitter_link":"https:\/\/twitter.com\/shopify","social_facebook_link":"https:\/\/www.facebook.com\/shopify","categories_items":"","home_producttabs_iteminpage":"4","my_dropdown":"4","home_producttabs_columninpage":"4","home_producttabs_productintab":"8","apmenuitem_width_1.png":"","apmenuitem_eframework_1":"true","apollo_menuitem_enable_1":"true","apollo_menuitem_title_1":"Catalog","apollo_menuitem_fullwidth_1":"true","apollo_menuitem_width_1.png":"","apollo_menuitem_columns_1":"3","supported_currencies1":"USD","supported_currencies2":"EUR","supported_currencies3":"AUD","supported_currencies4":"GBP","supported_currencies5":"JPY","home_producttabs_limit":"16","home_producttabs_itempage":"8","home_producttabs_columntab":"4","twitter_show_border":true},"presets":{"Default":{"ajax_cart_enable":true,"ajax_cart_method":"Drawer","cart_notes_enable":true,"color_body_bg":"#fff","color_body_text":"#333333","color_borders":"#e5e5e5","color_footer_bg":"#f2f2f2","color_footer_social_link":"#bbbbbb","color_footer_text":"#636363","color_primary":"#747474","color_secondary":"#bbb","customer_layout":"theme","favicon_enable":false,"footer_newsletter_enable":true,"footer_quicklinks_enable":true,"footer_quicklinks_linklist":"footer","footer_social_enable":true,"logo_max_width":"450","logo_use_image":false,"social_facebook_link":"https:\/\/www.facebook.com\/shopify","social_twitter_link":"https:\/\/twitter.com\/shopify"}}}